Rnumber,Rdate1,Rdate2,IsVaccine,Ssn,Vnumber,Hnumber
,2021-08-22 9:30,2021-09-19 9:30,1,880101-0000001,10,JDQ4MTYyMiM1MSMkMSMkNCMkOTIkNDgxNzAyIzExIyQxIyQzIyQ3OSQyNjEyMjIjNTEjJDEjJDIjJDgz
,2021-11-26 10:30,2021-12-24 10:30,0,030201-0000002,10,JDQ4MTYyMiM2MSMkMSMkMiMkOTkkMzgxMzUxIzExIyQxIyQ3IyQxMyQyNjEyMjIjNDEjJDEjJDgjJDgz
,2021-10-27 11:30,2021-11-24 11:30,1,801110-0000003,10,JDQ4MTYyMiM1MSMkMSMkMCMkOTkkMzgxMzUxIzUxIyQxIyQ1IyQ5MiQ0NjE0ODEjNjEjJDEjJDQjJDgz
,2021-10-20 14:30,2021-11-17 14:30,1,990620-0000004,20,JDQ4MTYyMiM4MSMkMSMkNCMkOTIkMzgxNzAyIzIxIyQxIyQxIyQ3OSQzNjE4MzIjNjEjJDEjJDgjJDgz
,2021-12-29 12:30,2022-01-26 12:30,0,950409-0000005,20,JDQ4MTYyMiM2MSMkMSMkMiMkOTIkMzgxNzAyIzIxIyQxIyQxIyQ3OSQyNjEyMjIjNDEjJDEjJDgjJDgz
,2021-10-13 9:00,2021-11-10 9:00,1,900125-0000006,20,JDQ4MTYyMiM2MSMkMSMkMiMkOTIkMzgxNzAyIzExIyQxIyQ3IyQ2MiQyNjEyMjIjNTEjJDEjJDYjJDgz
,2021-10-10 15:30,2021-11-07 15:30,1,461010-0000007,30,JDQ4MTg4MSM1MSMkMSMkMCMkOTkkMzgxMzUxIzMxIyQxIyQ3IyQ4MiQzNjEwMDIjODEjJDEjJDYjJDgz
,2021-08-05 9:30,2021-09-02 9:30,1,680501-0000008,30,JDQ4MTg4MSM1MSMkMSMkMCMkOTkkMzgxMzUxIzQxIyQxIyQ3IyQ3OSQyNjEwMDIjODEjJDEjJDYjJDgz
,2021-11-30 9:30,2021-12-28 9:30,0,470201-0000009,40,JDQ4MTYyMiM1MSMkMSMkMCMkOTkkMzgxMzUxIzQxIyQxIyQ3IyQ2MiQ0NjE0ODEjNDEjJDEjJDgjJDgz
,2021-10-01 11:30,2021-10-29 11:30,1,570915-0000010,40,JDQ4MTYyMiM1MSMkMSMkNCMkOTkkMzgxMzUxIzExIyQxIyQ3IyQ3OSQzNjEwMDIjNTEjJDEjJDIjJDgz
